{
  "gl_iters": [
    10,
    20,
    30,
    50,
    70,
    100
  ],
  "gl_errors": [
    0.1982090175151825,
    0.18077076971530914,
    0.17252378165721893,
    0.1643836498260498,
    0.158471018075943,
    0.148569718003273
  ],
  "fgl_iters": [
    5,
    10,
    15,
    20,
    25,
    30
  ],
  "fgl_errors": [
    0.21109019219875336,
    0.1766548454761505,
    0.1581309735774994,
    0.13302373886108398,
    0.1262923628091812,
    0.12327507883310318
  ]
}