{
  "times": {
    "GL-30": 0.1099998950958252,
    "GL-50": 0.1278212070465088,
    "GL-100": 0.20800042152404785,
    "FGL-30": 0.06569218635559082
  },
  "snr": {
    "GL-30": 0.7857238301963004,
    "GL-50": 0.7576873422867182,
    "GL-100": 0.7326231377406096,
    "FGL-30": 1.372277747442411
  },
  "lsd": {
    "GL-30": 5.244753360748291,
    "GL-50": 5.031094551086426,
    "GL-100": 5.181830406188965,
    "FGL-30": 5.07122802734375
  }
}